EID,DOB
187,2021-05-31
143,2021-07-07
116,2021-07-19
48,2021-08-17
126,2021-08-20
108,2021-08-25
198,2021-09-17
173,2021-09-28
130,2021-10-07
33,2021-10-12
161,2021-10-21
170,2021-10-27
96,2021-11-02
83,2021-11-04
129,2021-11-11
113,2021-11-18
11,2021-11-24
23,2021-11-26
135,2021-12-07
1,2021-12-13
97,2021-12-16
190,2021-12-22
75,2021-12-23
58,2021-12-28
175,2021-06-14
165,2021-06-15
106,2021-07-14
34,2021-07-15
30,2021-07-19
86,2021-07-23
194,2021-08-02
145,2021-08-05
47,2021-08-17
26,2021-08-18
44,2021-08-23
81,2021-08-31
88,2021-09-08
185,2021-09-13
124,2021-09-14
18,2021-09-21
164,2021-09-24
94,2021-10-05
36,2021-10-26
139,2021-10-28
56,2021-11-02
61,2021-11-17
74,2021-11-23
128,2021-11-25
79,2021-12-24
200,2021-05-12
42,2021-05-26
77,2021-06-01
180,2021-06-02
160,2021-06-04
39,2021-06-10
140,2021-06-21
8,2021-07-14
195,2021-07-19
191,2021-07-28
171,2021-08-05
176,2021-08-10
162,2021-08-16
63,2021-08-17
52,2021-09-09
133,2021-10-05
2,2021-10-06
115,2021-10-15
155,2021-10-19
136,2021-10-28
6,2021-11-15
68,2021-11-16
167,2021-11-26
76,2021-12-22
189,2021-12-24
24,2020-01-22
64,2020-02-08
27,2020-02-11
109,2020-03-15
41,2020-03-18
80,2020-03-24
95,2020-04-06
153,2020-04-08
29,2020-05-03
101,2020-05-10
100,2020-05-11
20,2020-05-14
157,2020-05-29
57,2020-05-31
43,2020-06-05
131,2020-07-17
72,2020-08-07
148,2020-08-21
62,2020-09-24
188,2020-09-25
120,2020-10-23
9,2020-11-10
138,2020-12-03
25,2020-12-13
14,2020-12-26
178,2020-01-26
141,2020-02-14
35,2020-03-02
89,2020-05-30
146,2020-06-22
5,2020-08-02
118,2020-08-05
172,2020-09-24
99,2020-11-26
78,2020-12-19
166,2021-02-19
151,2021-04-02
32,2021-04-03
107,2021-04-21
111,2021-04-23
85,2021-05-29
125,2021-06-15
177,2021-06-18
92,2021-08-28
13,2021-08-29
3,2021-09-18
142,2021-10-03
21,2021-11-16
144,2021-11-17
90,2021-12-16
38,2020-01-17
69,2020-02-03
119,2020-02-17
110,2020-02-24
156,2020-03-02
181,2020-05-01
22,2020-05-26
17,2020-07-25
174,2020-09-12
117,2020-10-15
196,2020-10-16
87,2020-11-23
28,2020-11-24
150,2021-02-18
105,2021-04-17
93,2021-04-22
15,2021-05-10
179,2021-07-09
31,2021-07-28
158,2021-08-02
112,2021-09-01
46,2021-09-30
192,2021-10-04
82,2021-11-09
12,2021-12-07
127,2020-01-28
121,2020-04-28
4,2020-05-16
49,2020-05-26
197,2020-07-21
193,2020-08-09
122,2020-08-12
91,2020-09-07
169,2020-09-11
147,2020-11-20
114,2020-12-17
84,2020-12-19
154,2020-12-22
59,2020-12-23
152,2021-04-19
65,2021-05-06
60,2021-05-22
45,2021-07-23
199,2021-08-15
71,2021-10-11
53,2021-11-02
103,2021-11-08
182,2021-11-14
183,2021-12-06
163,2021-12-22
10,2020-03-27
50,2020-05-20
149,2020-06-09
159,2020-07-12
70,2020-07-29
16,2020-08-02
73,2020-08-13
54,2020-09-24
67,2021-01-13
123,2021-01-19
102,2021-01-25
7,2021-05-20
98,2021-05-28
55,2021-08-21
104,2021-09-06
186,2021-09-10
51,2021-09-23
19,2021-09-28
184,2021-10-08
168,2021-10-22
66,2021-11-26
132,2021-12-07
40,2021-12-09
137,2021-12-14
134,2021-12-29
37,2021-02-07
